accuracy,block,correct_response,count_logger,fname,response_response,response_time_response,session_number,subject_nr
100,pretest_discrimination,1,0,iyu_step_1-step_1.wav,a,4266,3,603
50,pretest_discrimination,0,1,iyu_step_5-step_7.wav,a,5945,3,603
33.33333333,pretest_discrimination,0,2,iyu_step_6-step_4.wav,a,1405,3,603
25,pretest_discrimination,0,3,iyu_step_7-step_5.wav,a,209,3,603
20,pretest_discrimination,0,4,iyu_step_3-step_5.wav,a,616,3,603
16.66666667,pretest_discrimination,0,5,iyu_step_5-step_3.wav,a,518,3,603
28.57142857,pretest_discrimination,1,6,iyu_step_1-step_3.wav,g,544,3,603
37.5,pretest_discrimination,1,7,iyu_step_4-step_4.wav,a,284,3,603
33.33333333,pretest_discrimination,0,8,iyu_step_1-step_3.wav,a,1013,3,603
40,pretest_discrimination,1,9,iyu_step_2-step_2.wav,a,435,3,603
45.45454545,pretest_discrimination,1,10,iyu_step_1-step_1.wav,a,204,3,603
41.66666667,pretest_discrimination,0,11,iyu_step_2-step_4.wav,a,203,3,603
38.46153846,pretest_discrimination,0,12,iyu_step_4-step_6.wav,a,517,3,603
42.85714286,pretest_discrimination,1,13,iyu_step_2-step_2.wav,a,392,3,603
40,pretest_discrimination,0,14,iyu_step_3-step_1.wav,a,377,3,603
37.5,pretest_discrimination,0,15,iyu_step_3-step_5.wav,a,504,3,603
35.29411765,pretest_discrimination,0,16,iyu_step_5-step_3.wav,a,451,3,603
38.88888889,pretest_discrimination,1,17,iyu_step_2-step_2.wav,a,124,3,603
42.10526316,pretest_discrimination,1,18,iyu_step_4-step_4.wav,a,177,3,603
45,pretest_discrimination,1,19,iyu_step_2-step_4.wav,g,406,3,603
42.85714286,pretest_discrimination,0,20,iyu_step_4-step_2.wav,a,169,3,603
40.90909091,pretest_discrimination,0,21,iyu_step_4-step_2.wav,a,2578,3,603
43.47826087,pretest_discrimination,1,22,iyu_step_1-step_1.wav,a,979,3,603
45.83333333,pretest_discrimination,1,23,iyu_step_6-step_6.wav,a,1174,3,603
48,pretest_discrimination,1,24,iyu_step_7-step_7.wav,a,417,3,603
50,pretest_discrimination,1,25,iyu_step_3-step_3.wav,a,828,3,603
51.85185185,pretest_discrimination,1,26,iyu_step_4-step_4.wav,a,3651,3,603
53.57142857,pretest_discrimination,1,27,iyu_step_3-step_3.wav,a,528,3,603
51.72413793,pretest_discrimination,0,28,iyu_step_7-step_5.wav,a,367,3,603
53.33333333,pretest_discrimination,1,29,iyu_step_3-step_3.wav,a,254,3,603
54.83870968,pretest_discrimination,1,30,iyu_step_1-step_1.wav,a,324,3,603
56.25,pretest_discrimination,1,31,iyu_step_5-step_7.wav,g,248,3,603
54.54545455,pretest_discrimination,0,32,iyu_step_2-step_4.wav,a,150,3,603
52.94117647,pretest_discrimination,0,33,iyu_step_1-step_3.wav,a,158,3,603
51.42857143,pretest_discrimination,0,34,iyu_step_3-step_1.wav,a,106,3,603
50,pretest_discrimination,0,35,iyu_step_3-step_1.wav,a,69,3,603
51.35135135,pretest_discrimination,1,36,iyu_step_3-step_1.wav,g,129,3,603
52.63157895,pretest_discrimination,1,37,iyu_step_1-step_1.wav,a,106,3,603
51.28205128,pretest_discrimination,0,38,iyu_step_3-step_5.wav,a,100,3,603
50,pretest_discrimination,0,39,iyu_step_5-step_3.wav,a,1502,3,603
51.2195122,pretest_discrimination,1,40,iyu_step_3-step_3.wav,a,791,3,603
50,pretest_discrimination,0,41,iyu_step_4-step_2.wav,a,459,3,603
48.8372093,pretest_discrimination,0,42,iyu_step_3-step_1.wav,a,454,3,603
50,pretest_discrimination,1,43,iyu_step_7-step_5.wav,g,2768,3,603
51.11111111,pretest_discrimination,1,44,iyu_step_5-step_5.wav,a,722,3,603
52.17391304,pretest_discrimination,1,45,iyu_step_1-step_3.wav,g,289,3,603
53.19148936,pretest_discrimination,1,46,iyu_step_4-step_6.wav,g,374,3,603
52.08333333,pretest_discrimination,0,47,iyu_step_3-step_1.wav,a,140,3,603
51.02040816,pretest_discrimination,0,48,iyu_step_7-step_5.wav,a,366,3,603
52,pretest_discrimination,1,49,iyu_step_2-step_4.wav,g,159,3,603
50.98039216,pretest_discrimination,0,50,iyu_step_4-step_6.wav,a,285,3,603
51.92307692,pretest_discrimination,1,51,iyu_step_5-step_5.wav,a,419,3,603
50.94339623,pretest_discrimination,0,52,iyu_step_6-step_4.wav,a,386,3,603
50,pretest_discrimination,0,53,iyu_step_5-step_7.wav,a,293,3,603
50.90909091,pretest_discrimination,1,54,iyu_step_7-step_7.wav,a,425,3,603
51.78571429,pretest_discrimination,1,55,iyu_step_2-step_2.wav,a,315,3,603
52.63157895,pretest_discrimination,1,56,iyu_step_6-step_6.wav,a,474,3,603
51.72413793,pretest_discrimination,0,57,iyu_step_3-step_5.wav,a,540,3,603
50.84745763,pretest_discrimination,0,58,iyu_step_2-step_4.wav,a,280,3,603
50,pretest_discrimination,0,59,iyu_step_6-step_4.wav,a,238,3,603
50.81967213,pretest_discrimination,1,60,iyu_step_3-step_3.wav,a,189,3,603
50,pretest_discrimination,0,61,iyu_step_6-step_4.wav,a,280,3,603
50.79365079,pretest_discrimination,1,62,iyu_step_1-step_3.wav,g,258,3,603
50,pretest_discrimination,0,63,iyu_step_6-step_4.wav,a,121,3,603
50.76923077,pretest_discrimination,1,64,iyu_step_3-step_5.wav,g,405,3,603
50,pretest_discrimination,0,65,iyu_step_4-step_6.wav,a,551,3,603
50.74626866,pretest_discrimination,1,66,iyu_step_6-step_6.wav,a,258,3,603
51.47058824,pretest_discrimination,1,67,iyu_step_5-step_5.wav,a,447,3,603
50.72463768,pretest_discrimination,0,68,iyu_step_3-step_3.wav,g,257,3,603
51.42857143,pretest_discrimination,1,69,iyu_step_4-step_4.wav,a,180,3,603
50.70422535,pretest_discrimination,0,70,iyu_step_3-step_1.wav,a,135,3,603
51.38888889,pretest_discrimination,1,71,iyu_step_6-step_4.wav,g,482,3,603
52.05479452,pretest_discrimination,1,72,iyu_step_7-step_7.wav,a,510,3,603
52.7027027,pretest_discrimination,1,73,iyu_step_7-step_7.wav,a,48,3,603
53.33333333,pretest_discrimination,1,74,iyu_step_6-step_4.wav,g,1071,3,603
53.94736842,pretest_discrimination,1,75,iyu_step_6-step_6.wav,a,990,3,603
54.54545455,pretest_discrimination,1,76,iyu_step_4-step_4.wav,a,699,3,603
55.12820513,pretest_discrimination,1,77,iyu_step_4-step_2.wav,g,521,3,603
55.69620253,pretest_discrimination,1,78,iyu_step_5-step_5.wav,a,340,3,603
55,pretest_discrimination,0,79,iyu_step_1-step_1.wav,g,2097,3,603
55.55555556,pretest_discrimination,1,80,iyu_step_1-step_3.wav,g,278,3,603
54.87804878,pretest_discrimination,0,81,iyu_step_1-step_3.wav,a,487,3,603
55.42168675,pretest_discrimination,1,82,iyu_step_2-step_2.wav,a,526,3,603
55.95238095,pretest_discrimination,1,83,iyu_step_4-step_2.wav,g,703,3,603
56.47058824,pretest_discrimination,1,84,iyu_step_6-step_6.wav,a,327,3,603
55.81395349,pretest_discrimination,0,85,iyu_step_5-step_7.wav,a,116,3,603
56.32183908,pretest_discrimination,1,86,iyu_step_2-step_4.wav,g,260,3,603
56.81818182,pretest_discrimination,1,87,iyu_step_1-step_1.wav,a,286,3,603
56.17977528,pretest_discrimination,0,88,iyu_step_3-step_5.wav,a,150,3,603
55.55555556,pretest_discrimination,0,89,iyu_step_4-step_2.wav,a,126,3,603
56.04395604,pretest_discrimination,1,90,iyu_step_2-step_2.wav,a,484,3,603
55.43478261,pretest_discrimination,0,91,iyu_step_2-step_4.wav,a,575,3,603
55.91397849,pretest_discrimination,1,92,iyu_step_4-step_4.wav,a,220,3,603
56.38297872,pretest_discrimination,1,93,iyu_step_5-step_5.wav,a,724,3,603
55.78947368,pretest_discrimination,0,94,iyu_step_3-step_5.wav,a,356,3,603
55.20833333,pretest_discrimination,0,95,iyu_step_4-step_2.wav,a,68,3,603
54.63917526,pretest_discrimination,0,96,iyu_step_4-step_6.wav,a,1378,3,603
55.10204082,pretest_discrimination,1,97,iyu_step_5-step_3.wav,g,813,3,603
55.55555556,pretest_discrimination,1,98,iyu_step_7-step_7.wav,a,746,3,603
56,pretest_discrimination,1,99,iyu_step_3-step_1.wav,g,787,3,603
56.43564356,pretest_discrimination,1,100,iyu_step_4-step_6.wav,g,648,3,603
55.88235294,pretest_discrimination,0,101,iyu_step_5-step_3.wav,a,279,3,603
56.31067961,pretest_discrimination,1,102,iyu_step_1-step_1.wav,a,296,3,603
55.76923077,pretest_discrimination,0,103,iyu_step_7-step_5.wav,a,499,3,603
55.23809524,pretest_discrimination,0,104,iyu_step_1-step_3.wav,a,69,3,603
54.71698113,pretest_discrimination,0,105,iyu_step_1-step_3.wav,a,260,3,603
55.14018692,pretest_discrimination,1,106,iyu_step_5-step_7.wav,g,451,3,603
55.55555556,pretest_discrimination,1,107,iyu_step_3-step_3.wav,a,899,3,603
55.96330275,pretest_discrimination,1,108,iyu_step_3-step_3.wav,a,400,3,603
55.45454545,pretest_discrimination,0,109,iyu_step_1-step_3.wav,a,206,3,603
55.85585586,pretest_discrimination,1,110,iyu_step_5-step_3.wav,g,357,3,603
56.25,pretest_discrimination,1,111,iyu_step_5-step_5.wav,a,459,3,603
56.63716814,pretest_discrimination,1,112,iyu_step_6-step_6.wav,a,213,3,603
57.01754386,pretest_discrimination,1,113,iyu_step_3-step_1.wav,g,126,3,603
56.52173913,pretest_discrimination,0,114,iyu_step_4-step_6.wav,a,202,3,603
56.03448276,pretest_discrimination,0,115,iyu_step_3-step_5.wav,a,338,3,603
56.41025641,pretest_discrimination,1,116,iyu_step_3-step_5.wav,g,237,3,603
56.77966102,pretest_discrimination,1,117,iyu_step_5-step_3.wav,g,257,3,603
56.30252101,pretest_discrimination,0,118,iyu_step_4-step_6.wav,a,441,3,603
56.66666667,pretest_discrimination,1,119,iyu_step_7-step_7.wav,a,385,3,603
57.02479339,pretest_discrimination,1,120,iyu_step_5-step_5.wav,a,215,3,603
56.55737705,pretest_discrimination,0,121,iyu_step_3-step_3.wav,g,476,3,603
56.91056911,pretest_discrimination,1,122,iyu_step_5-step_5.wav,a,238,3,603
57.25806452,pretest_discrimination,1,123,iyu_step_2-step_2.wav,a,249,3,603
57.6,pretest_discrimination,1,124,iyu_step_5-step_3.wav,g,150,3,603
57.14285714,pretest_discrimination,0,125,iyu_step_7-step_5.wav,a,380,3,603
56.69291339,pretest_discrimination,0,126,iyu_step_5-step_7.wav,a,324,3,603
56.25,pretest_discrimination,0,127,iyu_step_4-step_2.wav,a,263,3,603
56.58914729,pretest_discrimination,1,128,iyu_step_6-step_6.wav,a,234,3,603
56.92307692,pretest_discrimination,1,129,iyu_step_6-step_6.wav,a,119,3,603
56.48854962,pretest_discrimination,0,130,iyu_step_4-step_2.wav,a,194,3,603
56.06060606,pretest_discrimination,0,131,iyu_step_7-step_5.wav,a,386,3,603
56.39097744,pretest_discrimination,1,132,iyu_step_5-step_5.wav,a,109,3,603
56.71641791,pretest_discrimination,1,133,iyu_step_2-step_2.wav,a,161,3,603
57.03703704,pretest_discrimination,1,134,iyu_step_3-step_3.wav,a,217,3,603
57.35294118,pretest_discrimination,1,135,iyu_step_6-step_4.wav,g,163,3,603
57.66423358,pretest_discrimination,1,136,iyu_step_3-step_5.wav,g,82,3,603
57.24637681,pretest_discrimination,0,137,iyu_step_4-step_6.wav,a,333,3,603
57.55395683,pretest_discrimination,1,138,iyu_step_2-step_2.wav,a,31,3,603
57.85714286,pretest_discrimination,1,139,iyu_step_3-step_3.wav,a,289,3,603
57.44680851,pretest_discrimination,0,140,iyu_step_2-step_4.wav,a,110,3,603
57.04225352,pretest_discrimination,0,141,iyu_step_7-step_5.wav,a,227,3,603
56.64335664,pretest_discrimination,0,142,iyu_step_5-step_7.wav,a,409,3,603
56.94444444,pretest_discrimination,1,143,iyu_step_4-step_4.wav,a,371,3,603
56.55172414,pretest_discrimination,0,144,iyu_step_4-step_6.wav,a,211,3,603
56.84931507,pretest_discrimination,1,145,iyu_step_7-step_7.wav,a,97,3,603
56.46258503,pretest_discrimination,0,146,iyu_step_6-step_4.wav,a,52,3,603
56.75675676,pretest_discrimination,1,147,iyu_step_5-step_3.wav,g,29,3,603
57.04697987,pretest_discrimination,1,148,iyu_step_7-step_7.wav,a,368,3,603
57.33333333,pretest_discrimination,1,149,iyu_step_2-step_2.wav,a,660,3,603
56.95364238,pretest_discrimination,0,150,iyu_step_3-step_1.wav,a,536,3,603
57.23684211,pretest_discrimination,1,151,iyu_step_4-step_4.wav,a,418,3,603
56.8627451,pretest_discrimination,0,152,iyu_step_5-step_7.wav,a,302,3,603
57.14285714,pretest_discrimination,1,153,iyu_step_2-step_4.wav,g,222,3,603
56.77419355,pretest_discrimination,0,154,iyu_step_7-step_5.wav,a,258,3,603
57.05128205,pretest_discrimination,1,155,iyu_step_7-step_7.wav,a,411,3,603
57.32484076,pretest_discrimination,1,156,iyu_step_7-step_7.wav,a,12,3,603
57.59493671,pretest_discrimination,1,157,iyu_step_1-step_1.wav,a,498,3,603
57.2327044,pretest_discrimination,0,158,iyu_step_4-step_6.wav,a,375,3,603
56.875,pretest_discrimination,0,159,iyu_step_3-step_5.wav,a,412,3,603
56.52173913,pretest_discrimination,0,160,iyu_step_7-step_5.wav,a,366,3,603
56.17283951,pretest_discrimination,0,161,iyu_step_4-step_2.wav,a,348,3,603
56.44171779,pretest_discrimination,1,162,iyu_step_4-step_4.wav,a,354,3,603
56.70731707,pretest_discrimination,1,163,iyu_step_4-step_4.wav,a,391,3,603
56.36363636,pretest_discrimination,0,164,iyu_step_5-step_7.wav,a,208,3,603
56.62650602,pretest_discrimination,1,165,iyu_step_4-step_2.wav,g,97,3,603
56.28742515,pretest_discrimination,0,166,iyu_step_5-step_3.wav,a,561,3,603
56.54761905,pretest_discrimination,1,167,iyu_step_1-step_1.wav,a,249,3,603
56.21301775,pretest_discrimination,0,168,iyu_step_6-step_6.wav,g,283,3,603
56.47058824,pretest_discrimination,1,169,iyu_step_7-step_5.wav,g,442,3,603
56.7251462,pretest_discrimination,1,170,iyu_step_7-step_7.wav,a,319,3,603
56.97674419,pretest_discrimination,1,171,iyu_step_4-step_4.wav,a,275,3,603
57.22543353,pretest_discrimination,1,172,iyu_step_5-step_5.wav,a,250,3,603
57.47126437,pretest_discrimination,1,173,iyu_step_2-step_4.wav,g,146,3,603
57.14285714,pretest_discrimination,0,174,iyu_step_1-step_3.wav,a,302,3,603
57.38636364,pretest_discrimination,1,175,iyu_step_6-step_6.wav,a,1485,3,603
57.62711864,pretest_discrimination,1,176,iyu_step_2-step_4.wav,g,373,3,603
57.86516854,pretest_discrimination,1,177,iyu_step_1-step_1.wav,a,259,3,603
57.54189944,pretest_discrimination,0,178,iyu_step_5-step_3.wav,a,344,3,603
57.22222222,pretest_discrimination,0,179,iyu_step_5-step_7.wav,a,968,3,603
57.45856354,pretest_discrimination,1,180,iyu_step_3-step_1.wav,g,2020,3,603
57.69230769,pretest_discrimination,1,181,iyu_step_6-step_4.wav,g,962,3,603
57.37704918,pretest_discrimination,0,182,iyu_step_5-step_5.wav,g,901,3,603
57.60869565,pretest_discrimination,1,183,iyu_step_5-step_7.wav,g,4656,3,603
57.83783784,pretest_discrimination,1,184,iyu_step_2-step_2.wav,a,1039,3,603
58.06451613,pretest_discrimination,1,185,iyu_step_6-step_6.wav,a,1067,3,603
58.28877005,pretest_discrimination,1,186,iyu_step_6-step_4.wav,g,991,3,603
57.9787234,training1,0,187,sinestep7.wav,a,1450,3,603
100,training1,1,188,sinestep1.wav,a,430,3,603
100,training1,1,189,sinestep7.wav,g,142,3,603
66.66666667,training1,0,190,sinestep7.wav,a,1242,3,603
75,training1,1,191,sinestep1.wav,a,1334,3,603
80,training1,1,192,sinestep7.wav,g,328,3,603
83.33333333,training1,1,193,sinestep7.wav,g,549,3,603
85.71428571,training1,1,194,sinestep7.wav,g,269,3,603
87.5,training1,1,195,sinestep7.wav,g,493,3,603
88.88888889,training1,1,196,sinestep1.wav,a,381,3,603
90,training1,1,197,sinestep7.wav,g,901,3,603
90.90909091,training1,1,198,sinestep1.wav,a,257,3,603
91.66666667,training1,1,199,sinestep7.wav,g,583,3,603
92.30769231,training1,1,200,sinestep7.wav,g,855,3,603
92.85714286,training1,1,201,sinestep7.wav,g,370,3,603
93.33333333,training1,1,202,sinestep1.wav,a,389,3,603
93.75,training1,1,203,sinestep7.wav,g,425,3,603
94.11764706,training1,1,204,sinestep7.wav,g,1856,3,603
94.44444444,training1,1,205,sinestep1.wav,a,542,3,603
94.73684211,training1,1,206,sinestep1.wav,a,415,3,603
95,training1,1,207,sinestep1.wav,a,797,3,603
95.23809524,training1,1,208,sinestep1.wav,a,251,3,603
95.45454545,training1,1,209,sinestep7.wav,g,1201,3,603
95.65217391,training1,1,210,sinestep7.wav,g,530,3,603
95.83333333,training1,1,211,sinestep7.wav,g,2467,3,603
96,training1,1,212,sinestep7.wav,g,1235,3,603
96.15384615,training1,1,213,sinestep7.wav,g,1000,3,603
96.2962963,training1,1,214,sinestep7.wav,g,244,3,603
96.42857143,training1,1,215,sinestep1.wav,a,221,3,603
96.55172414,training1,1,216,sinestep7.wav,g,286,3,603
96.66666667,training1,1,217,sinestep1.wav,a,3380,3,603
96.77419355,training1,1,218,sinestep7.wav,g,2080,3,603
96.875,training1,1,219,sinestep1.wav,a,933,3,603
96.96969697,training1,1,220,sinestep7.wav,g,2288,3,603
97.05882353,training1,1,221,sinestep1.wav,a,556,3,603
97.14285714,training1,1,222,sinestep1.wav,a,1174,3,603
94.44444444,training1,0,223,sinestep7.wav,a,2131,3,603
94.59459459,training1,1,224,sinestep1.wav,a,362,3,603
94.73684211,training1,1,225,sinestep1.wav,a,4241,3,603
94.87179487,training1,1,226,sinestep7.wav,g,744,3,603
95,training1,1,227,sinestep7.wav,g,812,3,603
95.12195122,training1,1,228,sinestep1.wav,a,517,3,603
95.23809524,training1,1,229,sinestep7.wav,g,1098,3,603
95.34883721,training1,1,230,sinestep1.wav,a,318,3,603
95.45454545,training1,1,231,sinestep1.wav,a,1237,3,603
95.55555556,training1,1,232,sinestep1.wav,a,644,3,603
95.65217391,training1,1,233,sinestep1.wav,a,1154,3,603
95.74468085,training1,1,234,sinestep1.wav,a,1410,3,603
95.83333333,training1,1,235,sinestep1.wav,a,741,3,603
95.91836735,training1,1,236,sinestep1.wav,a,853,3,603
96,training1,1,237,sinestep1.wav,a,1378,3,603
96.07843137,training1,1,238,sinestep1.wav,a,1783,3,603
96.15384615,training1,1,239,sinestep1.wav,a,3391,3,603
96.22641509,training1,1,240,sinestep7.wav,g,2691,3,603
96.2962963,training1,1,241,sinestep1.wav,a,528,3,603
96.36363636,training1,1,242,sinestep1.wav,a,501,3,603
96.42857143,training1,1,243,sinestep1.wav,a,1187,3,603
96.49122807,training1,1,244,sinestep7.wav,g,320,3,603
96.55172414,training1,1,245,sinestep7.wav,g,284,3,603
96.61016949,training1,1,246,sinestep7.wav,g,539,3,603
96.66666667,training1,1,247,sinestep7.wav,g,485,3,603
96.72131148,training1,1,248,sinestep7.wav,g,855,3,603
96.77419355,training1,1,249,sinestep1.wav,a,533,3,603
95.23809524,training2,0,250,sinestep6.wav,a,1387,3,603
100,training2,1,251,sinestep6.wav,g,843,3,603
100,training2,1,252,sinestep2.wav,a,246,3,603
66.66666667,training2,0,253,sinestep6.wav,a,263,3,603
75,training2,1,254,sinestep2.wav,a,439,3,603
60,training2,0,255,sinestep6.wav,a,319,3,603
66.66666667,training2,1,256,sinestep6.wav,g,1111,3,603
71.42857143,training2,1,257,sinestep2.wav,a,224,3,603
75,training2,1,258,sinestep2.wav,a,377,3,603
66.66666667,training2,0,259,sinestep6.wav,a,1080,3,603
60,training2,0,260,sinestep2.wav,g,1308,3,603
63.63636364,training2,1,261,sinestep2.wav,a,332,3,603
66.66666667,training2,1,262,sinestep2.wav,a,1768,3,603
61.53846154,training2,0,263,sinestep6.wav,a,1250,3,603
57.14285714,training2,0,264,sinestep2.wav,g,3178,3,603
53.33333333,training2,0,265,sinestep6.wav,a,326,3,603
56.25,training2,1,266,sinestep2.wav,a,1036,3,603
52.94117647,training2,0,267,sinestep6.wav,a,656,3,603
55.55555556,training2,1,268,sinestep6.wav,g,2022,3,603
57.89473684,training2,1,269,sinestep2.wav,a,334,3,603
60,training2,1,270,sinestep2.wav,a,209,3,603
61.9047619,training2,1,271,sinestep2.wav,a,206,3,603
63.63636364,training2,1,272,sinestep2.wav,a,353,3,603
65.2173913,training2,1,273,sinestep2.wav,a,288,3,603
66.66666667,training2,1,274,sinestep6.wav,g,291,3,603
68,training2,1,275,sinestep2.wav,a,490,3,603
65.38461538,training2,0,276,sinestep6.wav,a,944,3,603
62.96296296,training2,0,277,sinestep6.wav,a,597,3,603
60.71428571,training2,0,278,sinestep2.wav,g,1049,3,603
58.62068966,training2,0,279,sinestep2.wav,g,2507,3,603
60,training2,1,280,sinestep2.wav,a,1013,3,603
61.29032258,training2,1,281,sinestep6.wav,g,520,3,603
62.5,training2,1,282,sinestep2.wav,a,434,3,603
60.60606061,training2,0,283,sinestep6.wav,a,291,3,603
61.76470588,training2,1,284,sinestep6.wav,g,339,3,603
62.85714286,training2,1,285,sinestep2.wav,a,200,3,603
63.88888889,training2,1,286,sinestep2.wav,a,200,3,603
64.86486486,training2,1,287,sinestep6.wav,g,1662,3,603
65.78947368,training2,1,288,sinestep2.wav,a,234,3,603
66.66666667,training2,1,289,sinestep2.wav,a,2647,3,603
67.5,training2,1,290,sinestep2.wav,a,439,3,603
68.29268293,training2,1,291,sinestep6.wav,g,980,3,603
69.04761905,training2,1,292,sinestep6.wav,g,2739,3,603
67.44186047,training2,0,293,sinestep6.wav,a,1400,3,603
68.18181818,training2,1,294,sinestep6.wav,g,772,3,603
68.88888889,training2,1,295,sinestep2.wav,a,362,3,603
69.56521739,training2,1,296,sinestep6.wav,g,357,3,603
70.21276596,training2,1,297,sinestep6.wav,g,552,3,603
70.83333333,training2,1,298,sinestep6.wav,g,490,3,603
71.42857143,training2,1,299,sinestep2.wav,a,271,3,603
72,training2,1,300,sinestep2.wav,a,517,3,603
72.54901961,training2,1,301,sinestep2.wav,a,230,3,603
73.07692308,training2,1,302,sinestep2.wav,a,647,3,603
73.58490566,training2,1,303,sinestep2.wav,a,727,3,603
74.07407407,training2,1,304,sinestep6.wav,g,152,3,603
74.54545455,training2,1,305,sinestep2.wav,a,210,3,603
75,training2,1,306,sinestep6.wav,g,345,3,603
75.43859649,training2,1,307,sinestep2.wav,a,1305,3,603
75.86206897,training2,1,308,sinestep6.wav,g,1262,3,603
74.57627119,training2,0,309,sinestep6.wav,None,6000,3,603
75,training2,1,310,sinestep2.wav,a,3273,3,603
75.40983607,training2,1,311,sinestep2.wav,a,3291,3,603
75.80645161,training2,1,312,sinestep6.wav,g,2778,3,603
76.19047619,training2,1,313,sinestep2.wav,a,1027,3,603
76.5625,training2,1,314,sinestep2.wav,a,458,3,603
76.92307692,training2,1,315,sinestep6.wav,g,489,3,603
77.27272727,training2,1,316,sinestep6.wav,g,602,3,603
77.6119403,training2,1,317,sinestep6.wav,g,199,3,603
77.94117647,training2,1,318,sinestep6.wav,g,1337,3,603
78.26086957,training2,1,319,sinestep6.wav,g,551,3,603
78.57142857,training2,1,320,sinestep2.wav,a,2777,3,603
78.87323944,training2,1,321,sinestep6.wav,g,1940,3,603
79.16666667,training2,1,322,sinestep6.wav,g,676,3,603
78.08219178,training2,0,323,sinestep6.wav,a,689,3,603
77.02702703,training2,0,324,sinestep6.wav,a,1237,3,603
76,training2,0,325,sinestep2.wav,g,2262,3,603
75,training2,0,326,sinestep6.wav,a,3931,3,603
74.02597403,training2,0,327,sinestep6.wav,a,1638,3,603
74.35897436,training2,1,328,sinestep6.wav,g,1740,3,603
74.6835443,training2,1,329,sinestep2.wav,a,883,3,603
75,training2,1,330,sinestep2.wav,a,60,3,603
75.30864198,training2,1,331,sinestep2.wav,a,209,3,603
75.6097561,training2,1,332,sinestep2.wav,a,219,3,603
75.90361446,training2,1,333,sinestep2.wav,a,21,3,603
76.19047619,training2,1,334,sinestep2.wav,a,102,3,603
76.47058824,training2,1,335,sinestep6.wav,g,83,3,603
76.74418605,training2,1,336,sinestep2.wav,a,78,3,603
77.01149425,training2,1,337,sinestep6.wav,g,543,3,603
77.27272727,training2,1,338,sinestep6.wav,g,30,3,603
77.52808989,training2,1,339,sinestep6.wav,g,380,3,603
77.77777778,training2,1,340,sinestep6.wav,g,1933,3,603
78.02197802,training2,1,341,sinestep6.wav,g,381,3,603
78.26086957,training2,1,342,sinestep2.wav,a,381,3,603
78.49462366,training2,1,343,sinestep2.wav,a,738,3,603
78.72340426,training2,1,344,sinestep2.wav,a,698,3,603
78.94736842,training2,1,345,sinestep6.wav,g,361,3,603
79.16666667,training2,1,346,sinestep6.wav,g,634,3,603
79.3814433,training2,1,347,sinestep6.wav,g,2034,3,603
79.59183673,training2,1,348,sinestep2.wav,a,321,3,603
79.7979798,training2,1,349,sinestep6.wav,g,136,3,603
80,training2,1,350,sinestep2.wav,a,91,3,603
80.1980198,training2,1,351,sinestep2.wav,a,138,3,603
80.39215686,training2,1,352,sinestep6.wav,g,279,3,603
80.58252427,training2,1,353,sinestep6.wav,g,186,3,603
80.76923077,training2,1,354,sinestep6.wav,g,1004,3,603
80.95238095,training2,1,355,sinestep2.wav,a,380,3,603
81.13207547,training2,1,356,sinestep6.wav,g,135,3,603
81.30841122,training2,1,357,sinestep2.wav,a,686,3,603
81.48148148,training2,1,358,sinestep2.wav,a,991,3,603
81.65137615,training2,1,359,sinestep6.wav,g,555,3,603
81.81818182,training2,1,360,sinestep2.wav,a,544,3,603
81.98198198,training2,1,361,sinestep2.wav,a,657,3,603
81.25,training2,0,362,sinestep6.wav,a,565,3,603
81.4159292,training2,1,363,sinestep6.wav,g,152,3,603
81.57894737,training2,1,364,sinestep6.wav,g,231,3,603
81.73913043,training2,1,365,sinestep2.wav,a,420,3,603
81.89655172,training2,1,366,sinestep2.wav,a,162,3,603
82.05128205,training2,1,367,sinestep6.wav,g,137,3,603
82.20338983,training2,1,368,sinestep6.wav,g,167,3,603
82.35294118,training2,1,369,sinestep2.wav,a,69,3,603
82.5,training2,1,370,sinestep6.wav,g,107,3,603
82.6446281,training2,1,371,sinestep6.wav,g,157,3,603
82.78688525,training2,1,372,sinestep2.wav,a,175,3,603
82.92682927,training2,1,373,sinestep6.wav,g,146,3,603
83.06451613,training2,1,374,sinestep6.wav,g,169,3,603
83.2,training2,1,375,sinestep6.wav,g,147,3,603
83.33333333,training2,1,376,sinestep2.wav,a,129,3,603
83.46456693,training2,1,377,sinestep2.wav,a,84,3,603
83.59375,training2,1,378,sinestep2.wav,a,95,3,603
83.72093023,training2,1,379,sinestep6.wav,g,127,3,603
83.84615385,training2,1,380,sinestep6.wav,g,202,3,603
83.96946565,training2,1,381,sinestep2.wav,a,111,3,603
84.09090909,training2,1,382,sinestep6.wav,g,148,3,603
84.21052632,training2,1,383,sinestep2.wav,a,1860,3,603
84.32835821,training2,1,384,sinestep6.wav,g,527,3,603
84.44444444,training2,1,385,sinestep6.wav,g,453,3,603
84.55882353,training2,1,386,sinestep2.wav,a,594,3,603
84.67153285,training2,1,387,sinestep2.wav,a,993,3,603
84.7826087,training2,1,388,sinestep2.wav,a,336,3,603
84.89208633,training2,1,389,sinestep2.wav,a,302,3,603
85,training2,1,390,sinestep6.wav,g,302,3,603
85.10638298,training2,1,391,sinestep6.wav,g,776,3,603
85.21126761,training2,1,392,sinestep2.wav,a,275,3,603
85.31468531,training2,1,393,sinestep2.wav,a,567,3,603
85.41666667,training2,1,394,sinestep2.wav,a,420,3,603
85.51724138,training2,1,395,sinestep6.wav,g,191,3,603
85.61643836,training2,1,396,sinestep6.wav,g,175,3,603
85.71428571,training2,1,397,sinestep2.wav,a,178,3,603
85.81081081,training2,1,398,sinestep2.wav,a,179,3,603
85.90604027,training2,1,399,sinestep2.wav,a,141,3,603
86,training2,1,400,sinestep2.wav,a,212,3,603
86.09271523,training2,1,401,sinestep6.wav,g,466,3,603
86.18421053,training2,1,402,sinestep2.wav,a,372,3,603
86.2745098,training2,1,403,sinestep2.wav,a,182,3,603
86.36363636,training2,1,404,sinestep6.wav,g,877,3,603
86.4516129,training2,1,405,sinestep6.wav,g,454,3,603
86.53846154,training2,1,406,sinestep6.wav,g,256,3,603
85.98726115,training3,0,407,sinestep5.wav,a,792,3,603
100,training3,1,408,sinestep5.wav,g,1065,3,603
100,training3,1,409,sinestep3.wav,a,415,3,603
100,training3,1,410,sinestep3.wav,a,196,3,603
100,training3,1,411,sinestep5.wav,g,91,3,603
100,training3,1,412,sinestep5.wav,g,377,3,603
100,training3,1,413,sinestep3.wav,a,557,3,603
100,training3,1,414,sinestep3.wav,a,421,3,603
100,training3,1,415,sinestep3.wav,a,1029,3,603
100,training3,1,416,sinestep3.wav,a,352,3,603
100,training3,1,417,sinestep5.wav,g,421,3,603
100,training3,1,418,sinestep5.wav,g,1401,3,603
100,training3,1,419,sinestep3.wav,a,474,3,603
100,training3,1,420,sinestep3.wav,a,554,3,603
100,training3,1,421,sinestep3.wav,a,383,3,603
100,training3,1,422,sinestep5.wav,g,445,3,603
100,training3,1,423,sinestep5.wav,g,572,3,603
100,training3,1,424,sinestep5.wav,g,2564,3,603
100,training3,1,425,sinestep5.wav,g,640,3,603
100,training3,1,426,sinestep5.wav,g,477,3,603
100,training3,1,427,sinestep3.wav,a,530,3,603
100,training3,1,428,sinestep3.wav,a,434,3,603
100,training3,1,429,sinestep3.wav,a,398,3,603
100,training3,1,430,sinestep3.wav,a,510,3,603
100,training3,1,431,sinestep3.wav,a,663,3,603
96,training3,0,432,sinestep5.wav,a,667,3,603
96.15384615,training3,1,433,sinestep3.wav,a,2983,3,603
96.2962963,training3,1,434,sinestep3.wav,a,765,3,603
96.42857143,training3,1,435,sinestep3.wav,a,455,3,603
96.55172414,training3,1,436,sinestep5.wav,g,618,3,603
96.66666667,training3,1,437,sinestep5.wav,g,2058,3,603
96.77419355,training3,1,438,sinestep3.wav,a,1192,3,603
96.875,training3,1,439,sinestep3.wav,a,1646,3,603
93.93939394,training3,0,440,sinestep5.wav,a,1420,3,603
94.11764706,training3,1,441,sinestep5.wav,g,562,3,603
94.28571429,training3,1,442,sinestep5.wav,g,505,3,603
91.66666667,training3,0,443,sinestep3.wav,g,1795,3,603
89.18918919,training3,0,444,sinestep5.wav,a,451,3,603
86.84210526,training3,0,445,sinestep3.wav,g,440,3,603
87.17948718,training3,1,446,sinestep3.wav,a,556,3,603
87.5,training3,1,447,sinestep5.wav,g,537,3,603
87.80487805,training3,1,448,sinestep5.wav,g,514,3,603
88.0952381,training3,1,449,sinestep5.wav,g,437,3,603
88.37209302,training3,1,450,sinestep5.wav,g,469,3,603
88.63636364,training3,1,451,sinestep3.wav,a,389,3,603
88.88888889,training3,1,452,sinestep5.wav,g,437,3,603
89.13043478,training3,1,453,sinestep3.wav,a,559,3,603
89.36170213,training3,1,454,sinestep5.wav,g,354,3,603
87.5,training3,0,455,sinestep5.wav,a,394,3,603
85.71428571,training3,0,456,sinestep5.wav,a,4275,3,603
84,training3,0,457,sinestep3.wav,g,387,3,603
84.31372549,training3,1,458,sinestep3.wav,a,986,3,603
84.61538462,training3,1,459,sinestep5.wav,g,207,3,603
84.90566038,training3,1,460,sinestep3.wav,a,312,3,603
85.18518519,training3,1,461,sinestep5.wav,g,1140,3,603
85.45454545,training3,1,462,sinestep3.wav,a,584,3,603
85.71428571,training3,1,463,sinestep3.wav,a,444,3,603
85.96491228,training3,1,464,sinestep3.wav,a,442,3,603
86.20689655,training3,1,465,sinestep5.wav,g,1557,3,603
86.44067797,training3,1,466,sinestep5.wav,g,1204,3,603
85,continuum,0,467,sinestep5.wav,g,1284,3,603
83.60655738,continuum,0,468,sinestep6.wav,g,450,3,603
82.25806452,continuum,0,469,sinestep5.wav,g,741,3,603
80.95238095,continuum,0,470,sinestep1.wav,a,561,3,603
79.6875,continuum,0,471,sinestep2.wav,a,755,3,603
78.46153846,continuum,0,472,sinestep2.wav,a,798,3,603
77.27272727,continuum,0,473,sinestep6.wav,g,327,3,603
76.11940299,continuum,0,474,sinestep7.wav,g,699,3,603
75,continuum,0,475,sinestep4.wav,g,690,3,603
73.91304348,continuum,0,476,sinestep4.wav,g,623,3,603
72.85714286,continuum,0,477,sinestep3.wav,a,519,3,603
71.83098592,continuum,0,478,sinestep4.wav,g,316,3,603
70.83333333,continuum,0,479,sinestep6.wav,g,703,3,603
69.8630137,continuum,0,480,sinestep5.wav,a,1593,3,603
68.91891892,continuum,0,481,sinestep3.wav,a,778,3,603
68,continuum,0,482,sinestep5.wav,g,345,3,603
67.10526316,continuum,0,483,sinestep7.wav,a,598,3,603
66.23376623,continuum,0,484,sinestep2.wav,g,340,3,603
65.38461538,continuum,0,485,sinestep5.wav,a,437,3,603
64.55696203,continuum,0,486,sinestep1.wav,a,949,3,603
63.75,continuum,0,487,sinestep3.wav,a,925,3,603
62.96296296,continuum,0,488,sinestep7.wav,g,389,3,603
62.19512195,continuum,0,489,sinestep5.wav,g,659,3,603
61.44578313,continuum,0,490,sinestep1.wav,a,581,3,603
60.71428571,continuum,0,491,sinestep5.wav,g,371,3,603
60,continuum,0,492,sinestep4.wav,g,490,3,603
59.30232558,continuum,0,493,sinestep7.wav,g,653,3,603
58.62068966,continuum,0,494,sinestep4.wav,g,558,3,603
57.95454545,continuum,0,495,sinestep3.wav,a,458,3,603
57.30337079,continuum,0,496,sinestep7.wav,a,2165,3,603
56.66666667,continuum,0,497,sinestep2.wav,a,709,3,603
56.04395604,continuum,0,498,sinestep2.wav,a,1044,3,603
55.43478261,continuum,0,499,sinestep7.wav,g,517,3,603
54.83870968,continuum,0,500,sinestep1.wav,a,524,3,603
54.25531915,continuum,0,501,sinestep1.wav,a,1011,3,603
53.68421053,continuum,0,502,sinestep6.wav,g,460,3,603
53.125,continuum,0,503,sinestep1.wav,a,502,3,603
52.57731959,continuum,0,504,sinestep7.wav,g,389,3,603
52.04081633,continuum,0,505,sinestep7.wav,g,391,3,603
51.51515152,continuum,0,506,sinestep6.wav,g,960,3,603
51,continuum,0,507,sinestep2.wav,a,393,3,603
50.49504951,continuum,0,508,sinestep7.wav,g,1019,3,603
50,continuum,0,509,sinestep6.wav,a,347,3,603
49.51456311,continuum,0,510,sinestep3.wav,g,972,3,603
49.03846154,continuum,0,511,sinestep1.wav,a,1858,3,603
48.57142857,continuum,0,512,sinestep3.wav,a,1305,3,603
48.11320755,continuum,0,513,sinestep6.wav,g,142,3,603
47.6635514,continuum,0,514,sinestep2.wav,a,269,3,603
47.22222222,continuum,0,515,sinestep6.wav,g,499,3,603
46.78899083,continuum,0,516,sinestep3.wav,a,538,3,603
46.36363636,continuum,0,517,sinestep7.wav,a,1345,3,603
45.94594595,continuum,0,518,sinestep5.wav,a,834,3,603
45.53571429,continuum,0,519,sinestep4.wav,g,809,3,603
45.13274336,continuum,0,520,sinestep6.wav,g,655,3,603
44.73684211,continuum,0,521,sinestep4.wav,g,507,3,603
44.34782609,continuum,0,522,sinestep2.wav,a,101,3,603
43.96551724,continuum,0,523,sinestep4.wav,g,319,3,603
43.58974359,continuum,0,524,sinestep1.wav,a,376,3,603
43.22033898,continuum,0,525,sinestep5.wav,g,275,3,603
42.85714286,continuum,0,526,sinestep3.wav,a,479,3,603
42.5,continuum,0,527,sinestep4.wav,g,205,3,603
42.14876033,continuum,0,528,sinestep3.wav,a,258,3,603
41.80327869,continuum,0,529,sinestep6.wav,g,397,3,603
41.46341463,continuum,0,530,sinestep4.wav,g,542,3,603
41.12903226,continuum,0,531,sinestep1.wav,a,436,3,603
40.8,continuum,0,532,sinestep3.wav,a,2061,3,603
40.47619048,continuum,0,533,sinestep2.wav,a,469,3,603
40.15748032,continuum,0,534,sinestep2.wav,a,619,3,603
39.84375,continuum,0,535,sinestep1.wav,a,647,3,603
39.53488372,continuum,0,536,sinestep5.wav,g,241,3,603
40,posttest_discrimination,1,537,iyu_step_6-step_6.wav,a,664,3,603
39.69465649,posttest_discrimination,0,538,iyu_step_3-step_1.wav,a,172,3,603
40.15151515,posttest_discrimination,1,539,iyu_step_3-step_5.wav,g,235,3,603
39.84962406,posttest_discrimination,0,540,iyu_step_5-step_3.wav,a,620,3,603
39.55223881,posttest_discrimination,0,541,iyu_step_3-step_1.wav,a,469,3,603
40,posttest_discrimination,1,542,iyu_step_5-step_5.wav,a,476,3,603
40.44117647,posttest_discrimination,1,543,iyu_step_7-step_7.wav,a,359,3,603
40.87591241,posttest_discrimination,1,544,iyu_step_2-step_2.wav,a,216,3,603
41.30434783,posttest_discrimination,1,545,iyu_step_2-step_4.wav,g,238,3,603
41.72661871,posttest_discrimination,1,546,iyu_step_6-step_6.wav,a,348,3,603
41.42857143,posttest_discrimination,0,547,iyu_step_7-step_5.wav,a,192,3,603
41.84397163,posttest_discrimination,1,548,iyu_step_3-step_5.wav,g,210,3,603
42.25352113,posttest_discrimination,1,549,iyu_step_3-step_3.wav,a,120,3,603
41.95804196,posttest_discrimination,0,550,iyu_step_5-step_7.wav,a,409,3,603
42.36111111,posttest_discrimination,1,551,iyu_step_3-step_1.wav,g,371,3,603
42.75862069,posttest_discrimination,1,552,iyu_step_3-step_1.wav,g,448,3,603
43.15068493,posttest_discrimination,1,553,iyu_step_7-step_7.wav,a,203,3,603
42.85714286,posttest_discrimination,0,554,iyu_step_4-step_4.wav,g,877,3,603
42.56756757,posttest_discrimination,0,555,iyu_step_1-step_3.wav,a,225,3,603
42.28187919,posttest_discrimination,0,556,iyu_step_6-step_4.wav,a,894,3,603
42,posttest_discrimination,0,557,iyu_step_1-step_3.wav,a,925,3,603
42.38410596,posttest_discrimination,1,558,iyu_step_5-step_7.wav,g,940,3,603
42.76315789,posttest_discrimination,1,559,iyu_step_5-step_3.wav,g,535,3,603
42.48366013,posttest_discrimination,0,560,iyu_step_5-step_7.wav,a,422,3,603
42.85714286,posttest_discrimination,1,561,iyu_step_3-step_5.wav,g,373,3,603
43.22580645,posttest_discrimination,1,562,iyu_step_1-step_1.wav,a,862,3,603
42.94871795,posttest_discrimination,0,563,iyu_step_3-step_5.wav,a,767,3,603
42.67515924,posttest_discrimination,0,564,iyu_step_7-step_5.wav,a,2493,3,603
43.03797468,posttest_discrimination,1,565,iyu_step_6-step_6.wav,a,867,3,603
43.39622642,posttest_discrimination,1,566,iyu_step_4-step_4.wav,a,363,3,603
43.75,posttest_discrimination,1,567,iyu_step_5-step_3.wav,g,418,3,603
43.47826087,posttest_discrimination,0,568,iyu_step_6-step_4.wav,a,534,3,603
43.82716049,posttest_discrimination,1,569,iyu_step_2-step_4.wav,g,2390,3,603
43.55828221,posttest_discrimination,0,570,iyu_step_4-step_6.wav,a,305,3,603
43.90243902,posttest_discrimination,1,571,iyu_step_4-step_2.wav,g,98,3,603
44.24242424,posttest_discrimination,1,572,iyu_step_7-step_7.wav,a,310,3,603
44.57831325,posttest_discrimination,1,573,iyu_step_3-step_1.wav,g,717,3,603
44.91017964,posttest_discrimination,1,574,iyu_step_4-step_4.wav,a,2987,3,603
44.64285714,posttest_discrimination,0,575,iyu_step_7-step_5.wav,a,899,3,603
44.9704142,posttest_discrimination,1,576,iyu_step_3-step_1.wav,g,1254,3,603
45.29411765,posttest_discrimination,1,577,iyu_step_3-step_3.wav,a,463,3,603
45.61403509,posttest_discrimination,1,578,iyu_step_2-step_4.wav,g,559,3,603
45.93023256,posttest_discrimination,1,579,iyu_step_6-step_4.wav,g,280,3,603
46.24277457,posttest_discrimination,1,580,iyu_step_2-step_2.wav,a,418,3,603
46.55172414,posttest_discrimination,1,581,iyu_step_3-step_3.wav,a,297,3,603
46.28571429,posttest_discrimination,0,582,iyu_step_6-step_6.wav,g,368,3,603
46.59090909,posttest_discrimination,1,583,iyu_step_3-step_5.wav,g,1352,3,603
46.89265537,posttest_discrimination,1,584,iyu_step_6-step_6.wav,a,395,3,603
47.19101124,posttest_discrimination,1,585,iyu_step_5-step_5.wav,a,1645,3,603
46.9273743,posttest_discrimination,0,586,iyu_step_4-step_6.wav,a,1424,3,603
47.22222222,posttest_discrimination,1,587,iyu_step_4-step_2.wav,g,1213,3,603
47.51381215,posttest_discrimination,1,588,iyu_step_2-step_2.wav,a,580,3,603
47.8021978,posttest_discrimination,1,589,iyu_step_4-step_2.wav,g,1535,3,603
47.54098361,posttest_discrimination,0,590,iyu_step_5-step_7.wav,a,1139,3,603
47.82608696,posttest_discrimination,1,591,iyu_step_3-step_3.wav,a,2203,3,603
48.10810811,posttest_discrimination,1,592,iyu_step_3-step_5.wav,g,773,3,603
47.84946237,posttest_discrimination,0,593,iyu_step_6-step_4.wav,a,787,3,603
48.12834225,posttest_discrimination,1,594,iyu_step_1-step_3.wav,g,909,3,603
48.40425532,posttest_discrimination,1,595,iyu_step_7-step_7.wav,a,564,3,603
48.67724868,posttest_discrimination,1,596,iyu_step_3-step_3.wav,a,491,3,603
48.42105263,posttest_discrimination,0,597,iyu_step_6-step_6.wav,g,1553,3,603
48.69109948,posttest_discrimination,1,598,iyu_step_4-step_6.wav,g,815,3,603
48.95833333,posttest_discrimination,1,599,iyu_step_4-step_2.wav,g,1071,3,603
49.22279793,posttest_discrimination,1,600,iyu_step_2-step_4.wav,g,902,3,603
49.48453608,posttest_discrimination,1,601,iyu_step_7-step_7.wav,a,227,3,603
49.74358974,posttest_discrimination,1,602,iyu_step_2-step_4.wav,g,379,3,603
50,posttest_discrimination,1,603,iyu_step_7-step_7.wav,a,1267,3,603
50.25380711,posttest_discrimination,1,604,iyu_step_2-step_2.wav,a,2087,3,603
50.50505051,posttest_discrimination,1,605,iyu_step_4-step_4.wav,a,672,3,603
50.75376884,posttest_discrimination,1,606,iyu_step_4-step_4.wav,a,337,3,603
51,posttest_discrimination,1,607,iyu_step_4-step_4.wav,a,388,3,603
51.24378109,posttest_discrimination,1,608,iyu_step_7-step_7.wav,a,336,3,603
50.99009901,posttest_discrimination,0,609,iyu_step_5-step_7.wav,a,335,3,603
51.23152709,posttest_discrimination,1,610,iyu_step_1-step_1.wav,a,330,3,603
51.47058824,posttest_discrimination,1,611,iyu_step_1-step_3.wav,g,434,3,603
51.70731707,posttest_discrimination,1,612,iyu_step_4-step_2.wav,g,721,3,603
51.45631068,posttest_discrimination,0,613,iyu_step_4-step_4.wav,g,1358,3,603
51.69082126,posttest_discrimination,1,614,iyu_step_3-step_5.wav,g,803,3,603
51.92307692,posttest_discrimination,1,615,iyu_step_4-step_4.wav,a,293,3,603
52.15311005,posttest_discrimination,1,616,iyu_step_7-step_7.wav,a,390,3,603
52.38095238,posttest_discrimination,1,617,iyu_step_5-step_5.wav,a,247,3,603
52.60663507,posttest_discrimination,1,618,iyu_step_5-step_3.wav,g,304,3,603
52.35849057,posttest_discrimination,0,619,iyu_step_4-step_2.wav,a,698,3,603
52.58215962,posttest_discrimination,1,620,iyu_step_6-step_4.wav,g,317,3,603
52.80373832,posttest_discrimination,1,621,iyu_step_1-step_1.wav,a,277,3,603
52.55813953,posttest_discrimination,0,622,iyu_step_2-step_2.wav,g,299,3,603
52.77777778,posttest_discrimination,1,623,iyu_step_3-step_5.wav,g,376,3,603
52.99539171,posttest_discrimination,1,624,iyu_step_1-step_3.wav,g,466,3,603
53.21100917,posttest_discrimination,1,625,iyu_step_1-step_1.wav,a,382,3,603
52.96803653,posttest_discrimination,0,626,iyu_step_5-step_7.wav,a,347,3,603
53.18181818,posttest_discrimination,1,627,iyu_step_4-step_2.wav,g,406,3,603
52.94117647,posttest_discrimination,0,628,iyu_step_5-step_5.wav,g,286,3,603
53.15315315,posttest_discrimination,1,629,iyu_step_5-step_5.wav,a,327,3,603
53.3632287,posttest_discrimination,1,630,iyu_step_5-step_7.wav,g,285,3,603
53.125,posttest_discrimination,0,631,iyu_step_5-step_7.wav,a,443,3,603
53.33333333,posttest_discrimination,1,632,iyu_step_3-step_1.wav,g,810,3,603
53.09734513,posttest_discrimination,0,633,iyu_step_4-step_6.wav,a,1447,3,603
53.30396476,posttest_discrimination,1,634,iyu_step_1-step_1.wav,a,1235,3,603
53.50877193,posttest_discrimination,1,635,iyu_step_1-step_3.wav,g,1463,3,603
53.71179039,posttest_discrimination,1,636,iyu_step_5-step_3.wav,g,1334,3,603
53.91304348,posttest_discrimination,1,637,iyu_step_1-step_3.wav,g,1738,3,603
54.11255411,posttest_discrimination,1,638,iyu_step_4-step_2.wav,g,411,3,603
53.87931034,posttest_discrimination,0,639,iyu_step_4-step_6.wav,a,443,3,603
54.07725322,posttest_discrimination,1,640,iyu_step_7-step_7.wav,a,352,3,603
54.27350427,posttest_discrimination,1,641,iyu_step_4-step_2.wav,g,249,3,603
54.46808511,posttest_discrimination,1,642,iyu_step_3-step_1.wav,g,728,3,603
54.23728814,posttest_discrimination,0,643,iyu_step_5-step_7.wav,a,1133,3,603
54.00843882,posttest_discrimination,0,644,iyu_step_1-step_3.wav,a,887,3,603
54.20168067,posttest_discrimination,1,645,iyu_step_6-step_6.wav,a,325,3,603
54.39330544,posttest_discrimination,1,646,iyu_step_2-step_4.wav,g,1187,3,603
54.16666667,posttest_discrimination,0,647,iyu_step_5-step_7.wav,a,1230,3,603
54.35684647,posttest_discrimination,1,648,iyu_step_5-step_5.wav,a,1958,3,603
54.54545455,posttest_discrimination,1,649,iyu_step_5-step_3.wav,g,1388,3,603
54.73251029,posttest_discrimination,1,650,iyu_step_7-step_7.wav,a,288,3,603
54.91803279,posttest_discrimination,1,651,iyu_step_3-step_3.wav,a,994,3,603
55.10204082,posttest_discrimination,1,652,iyu_step_3-step_3.wav,a,209,3,603
54.87804878,posttest_discrimination,0,653,iyu_step_5-step_7.wav,a,951,3,603
55.06072874,posttest_discrimination,1,654,iyu_step_2-step_2.wav,a,804,3,603
54.83870968,posttest_discrimination,0,655,iyu_step_4-step_6.wav,a,1148,3,603
55.02008032,posttest_discrimination,1,656,iyu_step_1-step_1.wav,a,798,3,603
55.2,posttest_discrimination,1,657,iyu_step_1-step_1.wav,a,316,3,603
55.37848606,posttest_discrimination,1,658,iyu_step_2-step_4.wav,g,697,3,603
55.15873016,posttest_discrimination,0,659,iyu_step_5-step_5.wav,g,2203,3,603
55.33596838,posttest_discrimination,1,660,iyu_step_7-step_5.wav,g,855,3,603
55.11811024,posttest_discrimination,0,661,iyu_step_2-step_4.wav,a,2877,3,603
55.29411765,posttest_discrimination,1,662,iyu_step_1-step_1.wav,a,692,3,603
55.46875,posttest_discrimination,1,663,iyu_step_5-step_5.wav,a,3687,3,603
55.64202335,posttest_discrimination,1,664,iyu_step_2-step_2.wav,a,454,3,603
55.81395349,posttest_discrimination,1,665,iyu_step_7-step_5.wav,g,1696,3,603
55.98455598,posttest_discrimination,1,666,iyu_step_2-step_2.wav,a,2217,3,603
56.15384615,posttest_discrimination,1,667,iyu_step_2-step_4.wav,g,279,3,603
56.32183908,posttest_discrimination,1,668,iyu_step_2-step_2.wav,a,264,3,603
56.48854962,posttest_discrimination,1,669,iyu_step_1-step_1.wav,a,268,3,603
56.6539924,posttest_discrimination,1,670,iyu_step_2-step_4.wav,g,256,3,603
56.43939394,posttest_discrimination,0,671,iyu_step_7-step_5.wav,a,347,3,603
56.60377358,posttest_discrimination,1,672,iyu_step_4-step_4.wav,a,319,3,603
56.39097744,posttest_discrimination,0,673,iyu_step_7-step_5.wav,a,301,3,603
56.55430712,posttest_discrimination,1,674,iyu_step_3-step_1.wav,g,455,3,603
56.71641791,posttest_discrimination,1,675,iyu_step_4-step_6.wav,g,974,3,603
56.50557621,posttest_discrimination,0,676,iyu_step_6-step_4.wav,a,269,3,603
56.66666667,posttest_discrimination,1,677,iyu_step_1-step_1.wav,a,461,3,603
56.82656827,posttest_discrimination,1,678,iyu_step_4-step_2.wav,g,296,3,603
56.98529412,posttest_discrimination,1,679,iyu_step_2-step_2.wav,a,1186,3,603
57.14285714,posttest_discrimination,1,680,iyu_step_4-step_4.wav,a,1148,3,603
57.29927007,posttest_discrimination,1,681,iyu_step_1-step_3.wav,g,474,3,603
57.45454545,posttest_discrimination,1,682,iyu_step_7-step_5.wav,g,1269,3,603
57.24637681,posttest_discrimination,0,683,iyu_step_3-step_5.wav,a,2371,3,603
57.40072202,posttest_discrimination,1,684,iyu_step_6-step_4.wav,g,541,3,603
57.55395683,posttest_discrimination,1,685,iyu_step_4-step_6.wav,g,360,3,603
57.70609319,posttest_discrimination,1,686,iyu_step_3-step_5.wav,g,325,3,603
57.5,posttest_discrimination,0,687,iyu_step_5-step_3.wav,a,458,3,603
57.65124555,posttest_discrimination,1,688,iyu_step_5-step_3.wav,g,723,3,603
57.44680851,posttest_discrimination,0,689,iyu_step_4-step_4.wav,g,4133,3,603
57.59717314,posttest_discrimination,1,690,iyu_step_5-step_3.wav,g,963,3,603
57.74647887,posttest_discrimination,1,691,iyu_step_5-step_5.wav,a,237,3,603
57.89473684,posttest_discrimination,1,692,iyu_step_5-step_5.wav,a,295,3,603
58.04195804,posttest_discrimination,1,693,iyu_step_6-step_4.wav,g,244,3,603
58.18815331,posttest_discrimination,1,694,iyu_step_3-step_3.wav,a,811,3,603
58.33333333,posttest_discrimination,1,695,iyu_step_3-step_1.wav,g,990,3,603
58.13148789,posttest_discrimination,0,696,iyu_step_4-step_6.wav,a,400,3,603
58.27586207,posttest_discrimination,1,697,iyu_step_4-step_2.wav,g,187,3,603
58.41924399,posttest_discrimination,1,698,iyu_step_2-step_2.wav,a,305,3,603
58.21917808,posttest_discrimination,0,699,iyu_step_1-step_3.wav,a,1249,3,603
58.36177474,posttest_discrimination,1,700,iyu_step_6-step_6.wav,a,343,3,603
58.50340136,posttest_discrimination,1,701,iyu_step_4-step_6.wav,g,304,3,603
58.30508475,posttest_discrimination,0,702,iyu_step_6-step_4.wav,a,1087,3,603
58.10810811,posttest_discrimination,0,703,iyu_step_3-step_3.wav,g,1205,3,603
58.24915825,posttest_discrimination,1,704,iyu_step_1-step_1.wav,a,394,3,603
58.38926175,posttest_discrimination,1,705,iyu_step_6-step_6.wav,a,383,3,603
58.52842809,posttest_discrimination,1,706,iyu_step_3-step_3.wav,a,2034,3,603
58.66666667,posttest_discrimination,1,707,iyu_step_7-step_7.wav,a,1450,3,603
58.4717608,posttest_discrimination,0,708,iyu_step_5-step_3.wav,a,2896,3,603
58.60927152,posttest_discrimination,1,709,iyu_step_5-step_3.wav,g,1521,3,603
58.41584158,posttest_discrimination,0,710,iyu_step_3-step_1.wav,a,1253,3,603
58.22368421,posttest_discrimination,0,711,iyu_step_6-step_6.wav,g,5186,3,603
58.03278689,posttest_discrimination,0,712,iyu_step_6-step_4.wav,a,389,3,603
58.16993464,posttest_discrimination,1,713,iyu_step_7-step_5.wav,g,334,3,603
58.30618893,posttest_discrimination,1,714,iyu_step_1-step_3.wav,g,658,3,603
58.11688312,posttest_discrimination,0,715,iyu_step_2-step_4.wav,a,429,3,603
57.92880259,posttest_discrimination,0,716,iyu_step_6-step_4.wav,a,886,3,603
57.74193548,posttest_discrimination,0,717,iyu_step_3-step_3.wav,g,852,3,603
57.5562701,posttest_discrimination,0,718,iyu_step_7-step_5.wav,a,2268,3,603
57.69230769,posttest_discrimination,1,719,iyu_step_7-step_5.wav,g,315,3,603
57.82747604,posttest_discrimination,1,720,iyu_step_4-step_6.wav,g,383,3,603
57.96178344,posttest_discrimination,1,721,iyu_step_3-step_5.wav,g,245,3,603
58.0952381,posttest_discrimination,1,722,iyu_step_5-step_5.wav,a,172,3,603
58.2278481,posttest_discrimination,1,723,iyu_step_6-step_6.wav,a,288,3,603